system:index,date,month,water_area_m2,year,.geo
2015_01,2015-01,1,4.250524596356799E7,2015,"{""type"":""MultiPoint"",""coordinates"":[]}"
2015_02,2015-02,2,0.0,2015,"{""type"":""MultiPoint"",""coordinates"":[]}"
2015_03,2015-03,3,3.1058478329551544E7,2015,"{""type"":""MultiPoint"",""coordinates"":[]}"
2015_04,2015-04,4,3.240643881601108E7,2015,"{""type"":""MultiPoint"",""coordinates"":[]}"
2015_05,2015-05,5,2.3817867101732202E7,2015,"{""type"":""MultiPoint"",""coordinates"":[]}"
2015_06,2015-06,6,2.1924170473259177E7,2015,"{""type"":""MultiPoint"",""coordinates"":[]}"
2015_07,2015-07,7,396162.9104614258,2015,"{""type"":""MultiPoint"",""coordinates"":[]}"
2015_08,2015-08,8,1.042977289478712E7,2015,"{""type"":""MultiPoint"",""coordinates"":[]}"
2015_09,2015-09,9,4.1588796903120205E7,2015,"{""type"":""MultiPoint"",""coordinates"":[]}"
2015_10,2015-10,10,4.2365373845698565E7,2015,"{""type"":""MultiPoint"",""coordinates"":[]}"
2015_11,2015-11,11,3.899754739924149E7,2015,"{""type"":""MultiPoint"",""coordinates"":[]}"
2015_12,2015-12,12,4.026913801174723E7,2015,"{""type"":""MultiPoint"",""coordinates"":[]}"
2016_01,2016-01,1,4.1065155406502515E7,2016,"{""type"":""MultiPoint"",""coordinates"":[]}"
2016_02,2016-02,2,4.142026536185853E7,2016,"{""type"":""MultiPoint"",""coordinates"":[]}"
2016_03,2016-03,3,3.677290542899242E7,2016,"{""type"":""MultiPoint"",""coordinates"":[]}"
2016_04,2016-04,4,1.6392356746879073E7,2016,"{""type"":""MultiPoint"",""coordinates"":[]}"
2016_05,2016-05,5,1.607346395811456E7,2016,"{""type"":""MultiPoint"",""coordinates"":[]}"
2016_06,2016-06,6,0.0,2016,"{""type"":""MultiPoint"",""coordinates"":[]}"
2016_07,2016-07,7,2.7907661071730185E7,2016,"{""type"":""MultiPoint"",""coordinates"":[]}"
2016_08,2016-08,8,3.883878863298244E7,2016,"{""type"":""MultiPoint"",""coordinates"":[]}"
2016_09,2016-09,9,4.103497091683349E7,2016,"{""type"":""MultiPoint"",""coordinates"":[]}"
2016_10,2016-10,10,3.798895431603956E7,2016,"{""type"":""MultiPoint"",""coordinates"":[]}"
2016_11,2016-11,11,3.564991431767434E7,2016,"{""type"":""MultiPoint"",""coordinates"":[]}"
2016_12,2016-12,12,3.698912878271484E7,2016,"{""type"":""MultiPoint"",""coordinates"":[]}"
2017_01,2017-01,1,3.80680742469717E7,2017,"{""type"":""MultiPoint"",""coordinates"":[]}"
2017_02,2017-02,2,3.923822831601754E7,2017,"{""type"":""MultiPoint"",""coordinates"":[]}"
2017_03,2017-03,3,3.2327849968343344E7,2017,"{""type"":""MultiPoint"",""coordinates"":[]}"
2017_04,2017-04,4,2.7531046798177812E7,2017,"{""type"":""MultiPoint"",""coordinates"":[]}"
2017_05,2017-05,5,1.4966594101337504E7,2017,"{""type"":""MultiPoint"",""coordinates"":[]}"
2017_06,2017-06,6,2.3155605331029553E7,2017,"{""type"":""MultiPoint"",""coordinates"":[]}"
2017_07,2017-07,7,2.8694104228589356E7,2017,"{""type"":""MultiPoint"",""coordinates"":[]}"
2017_08,2017-08,8,7533117.145336674,2017,"{""type"":""MultiPoint"",""coordinates"":[]}"
2017_09,2017-09,9,2.4030951684289075E7,2017,"{""type"":""MultiPoint"",""coordinates"":[]}"
2017_10,2017-10,10,3.628366859615384E7,2017,"{""type"":""MultiPoint"",""coordinates"":[]}"
2017_11,2017-11,11,3.544447905564995E7,2017,"{""type"":""MultiPoint"",""coordinates"":[]}"
2017_12,2017-12,12,3.602268407893786E7,2017,"{""type"":""MultiPoint"",""coordinates"":[]}"
2018_01,2018-01,1,3.613688896864733E7,2018,"{""type"":""MultiPoint"",""coordinates"":[]}"
2018_02,2018-02,2,3.541747389821276E7,2018,"{""type"":""MultiPoint"",""coordinates"":[]}"
2018_03,2018-03,3,3.5070285753464885E7,2018,"{""type"":""MultiPoint"",""coordinates"":[]}"
2018_04,2018-04,4,1.7874764839023966E7,2018,"{""type"":""MultiPoint"",""coordinates"":[]}"
2018_05,2018-05,5,1.673124394303744E7,2018,"{""type"":""MultiPoint"",""coordinates"":[]}"
2018_06,2018-06,6,9839528.078096997,2018,"{""type"":""MultiPoint"",""coordinates"":[]}"
2018_07,2018-07,7,4780398.64743102,2018,"{""type"":""MultiPoint"",""coordinates"":[]}"
2018_08,2018-08,8,1.3963226717729159E7,2018,"{""type"":""MultiPoint"",""coordinates"":[]}"
2018_09,2018-09,9,706153.9526032092,2018,"{""type"":""MultiPoint"",""coordinates"":[]}"
2018_10,2018-10,10,3.641265019548317E7,2018,"{""type"":""MultiPoint"",""coordinates"":[]}"
2018_11,2018-11,11,3.475116727259643E7,2018,"{""type"":""MultiPoint"",""coordinates"":[]}"
2018_12,2018-12,12,3.6398996360112935E7,2018,"{""type"":""MultiPoint"",""coordinates"":[]}"
2019_01,2019-01,1,3.723930260135809E7,2019,"{""type"":""MultiPoint"",""coordinates"":[]}"
2019_02,2019-02,2,3.60596979613322E7,2019,"{""type"":""MultiPoint"",""coordinates"":[]}"
2019_03,2019-03,3,3.687265281457305E7,2019,"{""type"":""MultiPoint"",""coordinates"":[]}"
2019_04,2019-04,4,1.4198976143836644E7,2019,"{""type"":""MultiPoint"",""coordinates"":[]}"
2019_05,2019-05,5,1.1836687806834025E7,2019,"{""type"":""MultiPoint"",""coordinates"":[]}"
2019_06,2019-06,6,3.189249300684145E7,2019,"{""type"":""MultiPoint"",""coordinates"":[]}"
2019_07,2019-07,7,3.754430940996716E7,2019,"{""type"":""MultiPoint"",""coordinates"":[]}"
2019_08,2019-08,8,2.408947317472499E7,2019,"{""type"":""MultiPoint"",""coordinates"":[]}"
2019_09,2019-09,9,3.925852759509085E7,2019,"{""type"":""MultiPoint"",""coordinates"":[]}"
2019_10,2019-10,10,4.2158565998348214E7,2019,"{""type"":""MultiPoint"",""coordinates"":[]}"
2019_11,2019-11,11,3.9689018310397044E7,2019,"{""type"":""MultiPoint"",""coordinates"":[]}"
2019_12,2019-12,12,3.625147286265318E7,2019,"{""type"":""MultiPoint"",""coordinates"":[]}"
2020_01,2020-01,1,3.810777082841103E7,2020,"{""type"":""MultiPoint"",""coordinates"":[]}"
2020_02,2020-02,2,3.65803550750565E7,2020,"{""type"":""MultiPoint"",""coordinates"":[]}"
2020_03,2020-03,3,3.797167480111109E7,2020,"{""type"":""MultiPoint"",""coordinates"":[]}"
2020_04,2020-04,4,3.704020962320462E7,2020,"{""type"":""MultiPoint"",""coordinates"":[]}"
2020_05,2020-05,5,3.696358596862649E7,2020,"{""type"":""MultiPoint"",""coordinates"":[]}"
2020_06,2020-06,6,3.118396773004367E7,2020,"{""type"":""MultiPoint"",""coordinates"":[]}"
2020_07,2020-07,7,3.846767006102655E7,2020,"{""type"":""MultiPoint"",""coordinates"":[]}"
2020_08,2020-08,8,3.915161673676567E7,2020,"{""type"":""MultiPoint"",""coordinates"":[]}"
2020_09,2020-09,9,4.217989830132002E7,2020,"{""type"":""MultiPoint"",""coordinates"":[]}"
2020_10,2020-10,10,4.351596961894029E7,2020,"{""type"":""MultiPoint"",""coordinates"":[]}"
2020_11,2020-11,11,4.215011026053777E7,2020,"{""type"":""MultiPoint"",""coordinates"":[]}"
2020_12,2020-12,12,4.248080696541149E7,2020,"{""type"":""MultiPoint"",""coordinates"":[]}"
2021_01,2021-01,1,4.221743059081863E7,2021,"{""type"":""MultiPoint"",""coordinates"":[]}"
2021_02,2021-02,2,4.201820747761876E7,2021,"{""type"":""MultiPoint"",""coordinates"":[]}"
2021_03,2021-03,3,4.247963059263197E7,2021,"{""type"":""MultiPoint"",""coordinates"":[]}"
2021_04,2021-04,4,4.184646849557411E7,2021,"{""type"":""MultiPoint"",""coordinates"":[]}"
2021_05,2021-05,5,3.973827761891539E7,2021,"{""type"":""MultiPoint"",""coordinates"":[]}"
2021_06,2021-06,6,2.077748225745203E7,2021,"{""type"":""MultiPoint"",""coordinates"":[]}"
2021_07,2021-07,7,3.416651920974648E7,2021,"{""type"":""MultiPoint"",""coordinates"":[]}"
2021_08,2021-08,8,3.502384896758579E7,2021,"{""type"":""MultiPoint"",""coordinates"":[]}"
2021_09,2021-09,9,3.941443350909615E7,2021,"{""type"":""MultiPoint"",""coordinates"":[]}"
2021_10,2021-10,10,3.915668468248338E7,2021,"{""type"":""MultiPoint"",""coordinates"":[]}"
2021_11,2021-11,11,3.8758374345433615E7,2021,"{""type"":""MultiPoint"",""coordinates"":[]}"
2021_12,2021-12,12,3.8700210723634735E7,2021,"{""type"":""MultiPoint"",""coordinates"":[]}"
